User_ID,Total_Games_Played,Total_Deposits,Num_Deposits,Total_Withdrawals,Num_Withdrawals,Loyalty_Points,deposit_withdrawal_diff,Rank
0,15,0.0,0.0,0.0,0.0,3.0,0.0,1
1,8,5000.0,1.0,0.0,0.0,51.601,1.0,2
2,97,567000.0,20.0,1270215.0,20.0,12040.475,0.0,3
3,80,40000.0,4.0,0.0,0.0,416.004,4.0,4
4,5,1750.0,1.0,0.0,0.0,18.501,1.0,5
5,391,74100.0,67.0,32700.0,9.0,982.758,58.0,6
6,67,9300.0,7.0,0.0,0.0,106.40700000000001,7.0,7
7,61,0.0,0.0,6617.0,1.0,45.285000000000004,-1.0,8
8,497,0.0,0.0,0.0,0.0,99.4,0.0,9
9,3416,193684.0,109.0,171456.0,9.0,3477.42,100.0,10
10,658,41812.0,21.0,0.0,0.0,549.741,21.0,11
11,769,46300.0,21.0,101500.0,24.0,1124.3,-3.0,12
12,189,99403.0,52.0,20286.0,8.0,1133.304,44.0,13
13,3,5000.0,1.0,0.0,0.0,50.601,1.0,14
14,14,13000.0,28.0,0.0,0.0,132.828,28.0,15
15,34,5000.0,1.0,0.0,0.0,56.801,1.0,16
16,2093,360201.0,54.0,418387.0,39.0,6112.56,15.0,17
17,245,15500.0,12.0,0.0,0.0,204.012,12.0,18
18,7,4950.0,5.0,13000.0,6.0,115.9,-1.0,19
19,57,27500.0,7.0,25500.0,2.0,413.905,5.0,20
20,2,10000.0,1.0,20000.0,2.0,200.4,-1.0,21
21,59,62000.0,4.0,0.0,0.0,631.804,4.0,22
22,3,5000.0,5.0,0.0,0.0,50.605000000000004,5.0,23
23,197,22779.0,26.0,331000.0,6.0,1922.21,20.0,24
24,266,44300.0,21.0,0.0,0.0,496.221,21.0,25
25,1,23500.0,8.0,17000.0,2.0,320.20599999999996,6.0,26
26,3,5900.0,9.0,0.0,0.0,59.609,9.0,27
27,1884,133700.0,24.0,179581.0,2.0,2611.727,22.0,28
28,37,1061500.0,49.0,0.0,0.0,10622.449,49.0,29
29,23,6000.0,3.0,0.0,0.0,64.603,3.0,30
30,13,1329000.0,51.0,152145.0,1.0,14053.375,50.0,31
31,989,54849.0,33.0,78283.0,31.0,1137.7069999999999,2.0,32
32,29,59400.0,13.0,5791.0,2.0,628.766,11.0,33
33,8,500.0,1.0,33000.0,5.0,171.6,-4.0,34
34,11,4500.0,3.0,0.0,0.0,47.203,3.0,35
35,3,0.0,0.0,0.0,0.0,0.6000000000000001,0.0,36
36,83,10000.0,1.0,11000.0,1.0,171.6,0.0,37
37,16,10000.0,1.0,8563.0,3.0,146.015,-2.0,38
38,1,0.0,0.0,0.0,0.0,0.2,0.0,39
39,4265,134500.0,44.0,151320.0,8.0,2954.636,36.0,40
40,7,0.0,0.0,0.0,0.0,1.4000000000000001,0.0,41
41,8,3000.0,1.0,0.0,0.0,31.601000000000003,1.0,42
42,401,34500.0,6.0,0.0,0.0,425.20599999999996,6.0,43
43,1055,0.0,0.0,0.0,0.0,211.0,0.0,44
44,13,28540.0,93.0,500.0,1.0,290.59200000000004,92.0,45
45,222,53150.0,32.0,134000.0,9.0,1245.923,23.0,46
46,34,146000.0,8.0,0.0,0.0,1466.808,8.0,47
47,394,89200.0,44.0,257720.0,76.0,2259.4000000000005,-32.0,48
48,11,0.0,0.0,0.0,0.0,2.2,0.0,49
49,2,3000.0,2.0,0.0,0.0,30.401999999999997,2.0,50
50,6,12700.0,10.0,9000.0,5.0,173.20499999999998,5.0,51
51,1,39000.0,7.0,17900.0,1.0,479.70599999999996,6.0,52
52,234,92060.0,22.0,9520.0,1.0,1015.021,21.0,53
53,639,107000.0,19.0,0.0,0.0,1197.819,19.0,54
54,43,26000.0,4.0,0.0,0.0,268.60400000000004,4.0,55
55,134,17600.0,13.0,2179.0,2.0,213.70600000000002,11.0,56
56,1,10550.0,5.0,0.0,0.0,105.705,5.0,57
57,163,0.0,0.0,0.0,0.0,32.6,0.0,58
58,18,91154.0,68.0,0.0,0.0,915.208,68.0,59
59,72,70000.0,12.0,67888.0,7.0,1053.8450000000003,5.0,60
60,4,74000.0,25.0,126500.0,15.0,1373.31,10.0,61
61,30,2000.0,1.0,0.0,0.0,26.001,1.0,62
62,7,1624.0,2.0,18000.0,1.0,107.64100000000002,1.0,63
63,140,63264.0,5.0,12000.0,1.0,720.644,4.0,64
64,41,11000.0,2.0,38200.0,10.0,309.2,-8.0,65
65,19,1000.0,1.0,0.0,0.0,13.801,1.0,66
66,4,3100.0,2.0,0.0,0.0,31.802,2.0,67
67,22,4000.0,2.0,0.0,0.0,44.402,2.0,68
68,3,1821.0,1.0,0.0,0.0,18.811000000000003,1.0,69
69,31,15050.0,3.0,0.0,0.0,156.70299999999997,3.0,70
70,1,411560.0,70.0,0.0,0.0,4115.87,70.0,71
71,183,33150.0,31.0,1600.0,2.0,376.129,29.0,72
72,91,25400.0,27.0,9791.0,3.0,321.179,24.0,73
73,2,25000.0,1.0,0.0,0.0,250.401,1.0,74
74,169,60000.0,25.0,13169.0,3.0,699.667,22.0,75
75,18,4000.0,2.0,13000.0,3.0,108.6,-1.0,76
76,10,14198.0,10.0,4159.0,2.0,164.783,8.0,77
77,624,68200.0,16.0,15000.0,1.0,881.815,15.0,78
78,602,159000.0,32.0,1484900.0,47.0,9134.9,-15.0,79
79,13,15000.0,10.0,0.0,0.0,152.60999999999999,10.0,80
80,65,318501.0,83.0,100000.0,1.0,3698.092,82.0,81
81,86,95000.0,10.0,0.0,0.0,967.21,10.0,82
82,3,98770.0,10.0,819460.0,40.0,5085.6,-30.0,83
83,103,8051.0,7.0,0.0,0.0,101.11700000000002,7.0,84
84,244,55250.0,4.0,0.0,0.0,601.304,4.0,85
85,2619,206269.0,94.0,30250.0,3.0,2737.831,91.0,86
86,4,23000.0,3.0,0.0,0.0,230.803,3.0,87
87,3,8000.0,4.0,0.0,0.0,80.604,4.0,88
88,43,10000.0,1.0,0.0,0.0,108.601,1.0,89
89,2342,90000.0,9.0,0.0,0.0,1368.409,9.0,90
90,195,141700.0,51.0,0.0,0.0,1456.051,51.0,91
91,1,15950.0,4.0,0.0,0.0,159.70399999999998,4.0,92
92,13,500.0,1.0,0.0,0.0,7.601000000000001,1.0,93
93,487,616000.0,76.0,511474.0,24.0,8814.821999999998,52.0,94
94,31,3038.0,8.0,10000.0,1.0,86.587,7.0,95
95,91,8000.0,4.0,0.0,0.0,98.20400000000001,4.0,96
96,37,10000.0,5.0,0.0,0.0,107.405,5.0,97
97,694,467094.0,229.0,107000.0,14.0,5344.955000000001,215.0,98
98,17,300.0,1.0,0.0,0.0,6.401,1.0,99
99,10,1164800.0,47.0,2403141.0,15.0,23665.737,32.0,100
100,1,249800.0,24.0,0.0,0.0,2498.2239999999997,24.0,101
101,12,60000.0,3.0,40000.0,1.0,802.4019999999999,2.0,102
102,116,237250.0,9.0,8000.0,2.0,2435.707,7.0,103
103,36,39000.0,36.0,0.0,0.0,397.236,36.0,104
104,55,77000.0,9.0,64000.0,3.0,1101.006,6.0,105
105,2,2000.0,2.0,0.0,0.0,20.401999999999997,2.0,106
106,2,68922.0,68.0,32427.0,7.0,851.816,61.0,107
107,48,44000.0,19.0,91900.0,13.0,909.106,6.0,108
108,197,46000.0,10.0,15000.0,1.0,574.409,9.0,109
109,8,1000.0,1.0,0.0,0.0,11.600999999999999,1.0,110
110,59,6000.0,1.0,0.0,0.0,71.801,1.0,111
111,42,0.0,0.0,0.0,0.0,8.4,0.0,112
112,3,146500.0,11.0,140775.0,8.0,2169.478,3.0,113
113,4,31000.0,4.0,0.0,0.0,310.80400000000003,4.0,114
114,28,83660.0,17.0,188500.0,15.0,1784.7019999999998,2.0,115
115,19,45000.0,9.0,9939.0,1.0,503.503,8.0,116
116,14,3900.0,1.0,0.0,0.0,41.800999999999995,1.0,117
117,79,30000.0,3.0,0.0,0.0,315.803,3.0,118
118,6,5500.0,2.0,0.0,0.0,56.202000000000005,2.0,119
119,19,1000.0,1.0,0.0,0.0,13.801,1.0,120
120,85,12000.0,3.0,0.0,0.0,137.003,3.0,121
121,69,10000.0,1.0,0.0,0.0,113.801,1.0,122
122,50,37400.0,29.0,11000.0,2.0,439.027,27.0,123
123,4,11333.0,3.0,0.0,0.0,114.133,3.0,124
124,56,15000.0,15.0,0.0,0.0,161.21499999999997,15.0,125
125,4,8950.0,13.0,4350.0,8.0,112.05499999999999,5.0,126
126,6,242000.0,9.0,0.0,0.0,2421.209,9.0,127
127,2,2100.0,1.0,20000.0,1.0,121.4,0.0,128
128,39,3500.0,4.0,0.0,0.0,42.804,4.0,129
129,11,2000.0,2.0,0.0,0.0,22.201999999999998,2.0,130
130,27,270400.0,20.0,325200.0,4.0,4335.415999999999,16.0,131
131,170,43500.0,19.0,0.0,0.0,469.019,19.0,132
132,167,23000.0,10.0,11083.0,1.0,318.824,9.0,133
133,2,19124.0,38.0,49300.0,8.0,438.16999999999996,30.0,134
134,11,4000.0,4.0,0.0,0.0,42.204,4.0,135
135,3,1000.0,1.0,0.0,0.0,10.600999999999999,1.0,136
136,74,5000.0,3.0,0.0,0.0,64.803,3.0,137
137,3521,103000.0,13.0,228000.0,16.0,2874.2,-3.0,138
138,70,0.0,0.0,0.0,0.0,14.0,0.0,139
139,912,42793.0,111.0,30000.0,3.0,760.438,108.0,140
140,206,110000.0,11.0,45000.0,4.0,1366.207,7.0,141
141,925,298250.0,37.0,59877.0,2.0,3466.92,35.0,142
142,37,0.0,0.0,471900.0,13.0,2366.9,-13.0,143
143,269,0.0,0.0,0.0,0.0,53.800000000000004,0.0,144
144,27,25000.0,1.0,28000.0,1.0,395.4,0.0,145
145,16,102388.0,26.0,44000.0,2.0,1247.104,24.0,146
146,519,351000.0,24.0,175500.0,5.0,4491.319,19.0,147
147,37,98000.0,10.0,0.0,0.0,987.41,10.0,148
148,41,5600.0,10.0,15000.0,1.0,139.20899999999997,9.0,149
149,1,162946.0,41.0,0.0,0.0,1629.701,41.0,150
150,597,0.0,0.0,0.0,0.0,119.4,0.0,151
151,223,1000.0,1.0,0.0,0.0,54.601,1.0,152
152,678,5000.0,1.0,1000.0,1.0,190.6,0.0,153
153,51,475663.0,58.0,42972.0,6.0,4981.741999999999,52.0,154
154,349,0.0,0.0,0.0,0.0,69.8,0.0,155
155,6,6900.0,7.0,5500.0,1.0,97.706,6.0,156
156,119,5000.0,1.0,0.0,0.0,73.801,1.0,157
157,253,92600.0,40.0,433857.0,22.0,3145.903,18.0,158
158,8,75580.0,39.0,50000.0,6.0,1007.4330000000001,33.0,159
159,1,139000.0,19.0,124637.0,12.0,2013.392,7.0,160
160,232,40000.0,6.0,0.0,0.0,446.40599999999995,6.0,161
161,4,28390.0,13.0,5500.0,1.0,312.21200000000005,12.0,162
162,2,68320.0,7.0,2360000.0,23.0,12483.6,-16.0,163
163,49,12500.0,7.0,0.0,0.0,134.80700000000002,7.0,164
164,17,47000.0,14.0,229953.0,49.0,1623.1650000000002,-35.0,165
165,3,0.0,0.0,0.0,0.0,0.6000000000000001,0.0,166
166,86,13000.0,7.0,0.0,0.0,147.207,7.0,167
167,3,23700.0,32.0,33897.0,13.0,407.10400000000004,19.0,168
168,1340,330700.0,76.0,96400.0,11.0,4057.065,65.0,169
169,50,12000.0,2.0,0.0,0.0,130.002,2.0,170
170,27,5000.0,2.0,0.0,0.0,55.402,2.0,171
171,235,26000.0,6.0,0.0,0.0,307.006,6.0,172
172,24,400.0,4.0,0.0,0.0,8.804,4.0,173
173,3,503900.0,54.0,0.0,0.0,5039.654,54.0,174
174,5,3570.0,5.0,4797.0,1.0,60.689,4.0,175
175,33,34000.0,6.0,160000.0,2.0,1146.6039999999998,4.0,176
176,30,4500.0,5.0,0.0,0.0,51.005,5.0,177
177,8,4000.0,2.0,0.0,0.0,41.602000000000004,2.0,178
178,7,120000.0,7.0,77683.0,2.0,1589.8200000000002,5.0,179
179,763,174000.0,9.0,122000.0,6.0,2502.603,3.0,180
180,12,2000.0,1.0,15000.0,3.0,97.4,-2.0,181
181,3011,210000.0,10.0,0.0,0.0,2702.21,10.0,182
182,2446,795000.0,16.0,80339.0,4.0,8840.907000000001,12.0,183
183,433,100450.0,16.0,28192.0,3.0,1232.0729999999999,13.0,184
184,162,10000.0,1.0,17022.0,2.0,217.51000000000002,-1.0,185
185,33,44000.0,21.0,37751.0,18.0,635.3580000000001,3.0,186
186,96,7000.0,4.0,10000.0,2.0,139.202,2.0,187
187,236,130500.0,30.0,99416.0,24.0,1849.286,6.0,188
188,38,300.0,1.0,0.0,0.0,10.601,1.0,189
189,69,0.0,0.0,0.0,0.0,13.8,0.0,190
190,175,62600.0,27.0,165996.0,26.0,1490.981,1.0,191
191,12,2000.0,1.0,0.0,0.0,22.401000000000003,1.0,192
192,9,1600.0,1.0,0.0,0.0,17.801000000000002,1.0,193
193,1,430527.0,136.0,312000.0,7.0,5865.599,129.0,194
194,1458,58200.0,16.0,106000.0,7.0,1403.609,9.0,195
195,15,0.0,0.0,0.0,0.0,3.0,0.0,196
196,248,170000.0,6.0,353000.0,11.0,3514.6,-5.0,197
197,880,0.0,0.0,0.0,0.0,176.0,0.0,198
198,13,19400.0,20.0,8000.0,1.0,236.619,19.0,199
199,130,28000.0,6.0,0.0,0.0,306.006,6.0,200
200,4,539998.0,8.0,593000.0,5.0,8365.783,3.0,201
201,23,51002.0,6.0,48184.0,6.0,755.5400000000001,0.0,202
202,3,400400.0,29.0,348129.0,9.0,5745.265000000001,20.0,203
203,3,75000.0,3.0,0.0,0.0,750.6030000000001,3.0,204
204,823,76360.0,42.0,39616.0,6.0,1126.316,36.0,205
205,3646,0.0,0.0,0.0,0.0,729.2,0.0,206
206,1050,46600.0,11.0,0.0,0.0,676.011,11.0,207
207,27,7550.0,4.0,5053.0,1.0,106.168,3.0,208
208,507,644934.0,35.0,657928.0,9.0,9840.405999999999,26.0,209
209,18,2300.0,12.0,0.0,0.0,26.612000000000002,12.0,210
210,58,1100.0,3.0,0.0,0.0,22.603,3.0,211
211,4,1500.0,1.0,0.0,0.0,15.801,1.0,212
212,1,1924981.0,26.0,589850.0,4.0,22199.282000000003,22.0,213
213,138,18000.0,2.0,13700.0,2.0,276.1,0.0,214
214,56,112950.0,19.0,200000.0,1.0,2140.718,18.0,215
215,73,22200.0,6.0,0.0,0.0,236.606,6.0,216
216,9,2000.0,1.0,0.0,0.0,21.801000000000002,1.0,217
217,18,15000.0,3.0,0.0,0.0,153.60299999999998,3.0,218
218,3839,113750.0,55.0,25000.0,1.0,2030.3540000000003,54.0,219
219,23,14500.0,8.0,0.0,0.0,149.608,8.0,220
220,15,20000.0,6.0,0.0,0.0,203.006,6.0,221
221,2,1927.0,2.0,0.0,0.0,19.671999999999997,2.0,222
222,10,1285000.0,16.0,99358.0,3.0,13348.803000000002,13.0,223
223,21,75000.0,1.0,0.0,0.0,754.201,1.0,224
224,72,5000.0,1.0,0.0,0.0,64.401,1.0,225
225,3,1000.0,1.0,0.0,0.0,10.600999999999999,1.0,226
226,33,2000.0,1.0,2671.0,3.0,39.955000000000005,-2.0,227
227,659,0.0,0.0,0.0,0.0,131.8,0.0,228
228,3,2000.0,1.0,0.0,0.0,20.601000000000003,1.0,229
229,13,121363.0,12.0,1565.0,1.0,1224.066,11.0,230
230,10,5740.0,15.0,3400.0,3.0,76.412,12.0,231
231,298,16662.0,6.0,0.0,0.0,226.226,6.0,232
232,2,5000.0,10.0,0.0,0.0,50.41,10.0,233
233,1196,0.0,0.0,44400.0,3.0,461.20000000000005,-3.0,234
234,6,13605.0,15.0,16945.0,5.0,221.985,10.0,235
235,39,105000.0,37.0,0.0,0.0,1057.837,37.0,236
236,9,1100.0,4.0,0.0,0.0,12.804,4.0,237
237,3297,70000.0,3.0,70000.0,1.0,1709.402,2.0,238
238,899,923400.0,45.0,445000.0,7.0,11638.838,38.0,239
239,13,8900.0,8.0,0.0,0.0,91.60799999999999,8.0,240
240,1606,291000.0,23.0,22100.0,3.0,3341.7200000000003,20.0,241
241,9,2000.0,1.0,3000.0,1.0,36.8,0.0,242
242,535,105543.0,26.0,92324.0,3.0,1624.073,23.0,243
243,5,0.0,0.0,0.0,0.0,1.0,0.0,244
244,2,0.0,0.0,4000.0,1.0,20.4,-1.0,245
245,3,209450.0,25.0,912200.0,10.0,6656.115000000001,15.0,246
246,6,57228.0,57.0,72500.0,10.0,936.027,47.0,247
247,6642,100000.0,20.0,0.0,0.0,2328.42,20.0,248
248,61,8500.0,13.0,0.0,0.0,97.21300000000001,13.0,249
249,27,3000.0,1.0,0.0,0.0,35.401,1.0,250
250,90,0.0,0.0,87500.0,1.0,455.5,-1.0,251
251,23,33810.0,27.0,20000.0,2.0,442.725,25.0,252
252,33,1225.0,10.0,0.0,0.0,18.86,10.0,253
253,4,44800.0,6.0,56069.0,1.0,729.15,5.0,254
254,3,4600.0,3.0,3000.0,1.0,61.602000000000004,2.0,255
255,26,2500.0,5.0,5000.0,1.0,55.204,4.0,256
256,78,23200.0,5.0,0.0,0.0,247.605,5.0,257
257,12,224000.0,24.0,65000.0,2.0,2567.422,22.0,258
258,496,66200.0,31.0,25200.0,5.0,887.226,26.0,259
259,126,824020.0,115.0,0.0,0.0,8265.515000000001,115.0,260
260,14,2000.0,2.0,0.0,0.0,22.802,2.0,261
261,53,8800.0,2.0,8100.0,5.0,139.1,-3.0,262
262,1,18940.0,27.0,3500.0,5.0,207.12199999999999,22.0,263
263,30,22055.0,15.0,42206.0,3.0,437.59200000000004,12.0,264
264,381,9100.0,9.0,15700.0,3.0,245.70600000000002,6.0,265
265,26,0.0,0.0,0.0,0.0,5.2,0.0,266
266,209,146100.0,27.0,0.0,0.0,1502.827,27.0,267
267,2,0.0,0.0,15021.0,2.0,75.50500000000001,-2.0,268
268,3,25000.0,3.0,0.0,0.0,250.60299999999998,3.0,269
269,37,160400.0,18.0,0.0,0.0,1611.4180000000001,18.0,270
270,529,56800.0,15.0,30679.0,2.0,827.2080000000001,13.0,271
271,30,267000.0,15.0,0.0,0.0,2676.015,15.0,272
272,2833,0.0,0.0,189202.0,8.0,1512.6100000000001,-8.0,273
273,783,23000.0,5.0,44559.0,7.0,609.395,-2.0,274
274,7,23397.0,28.0,11000.0,1.0,290.397,27.0,275
275,24,24048.0,25.0,0.0,0.0,245.30500000000004,25.0,276
276,16,5400.0,3.0,12925.0,1.0,121.827,2.0,277
277,96,5000.0,5.0,0.0,0.0,69.20500000000001,5.0,278
278,36,6000.0,6.0,0.0,0.0,67.206,6.0,279
279,2,309000.0,20.0,0.0,0.0,3090.42,20.0,280
280,119,60834.0,94.0,0.0,0.0,632.234,94.0,281
281,29,2200.0,1.0,0.0,0.0,27.801000000000002,1.0,282
282,120,7500.0,3.0,0.0,0.0,99.003,3.0,283
283,182,44400.0,39.0,19400.0,3.0,577.4359999999999,36.0,284
284,5,6850.0,10.0,0.0,0.0,69.51,10.0,285
285,46,267652.0,41.0,105000.0,2.0,3210.759,39.0,286
286,72,28000.0,5.0,0.0,0.0,294.405,5.0,287
287,84,27000.0,6.0,4900.0,1.0,311.305,5.0,288
288,3,19150.0,5.0,1000.0,1.0,197.10399999999998,4.0,289
289,1112,234600.0,93.0,213000.0,17.0,3633.476,76.0,290
290,19,11000.0,1.0,0.0,0.0,113.801,1.0,291
291,195,1000.0,1.0,0.0,0.0,49.001,1.0,292
292,8,16355.0,11.0,127735.0,17.0,803.8250000000002,-6.0,293
293,2,1500.0,2.0,0.0,0.0,15.402000000000001,2.0,294
294,5,607700.0,41.0,311187.0,3.0,7633.972999999999,38.0,295
295,33,90000.0,6.0,0.0,0.0,906.606,6.0,296
296,2723,91300.0,62.0,181246.0,19.0,2363.873,43.0,297
297,117,66500.0,19.0,0.0,0.0,688.419,19.0,298
298,7,37000.0,3.0,29160.0,2.0,517.2009999999999,1.0,299
299,1,216000.0,57.0,150000.0,7.0,2910.25,50.0,300
300,1245,0.0,0.0,90000.0,2.0,699.0,-2.0,301
301,102,7250.0,4.0,8900.0,1.0,137.403,3.0,302
302,3,11500.0,12.0,10065.0,4.0,165.933,8.0,303
303,960,52800.0,8.0,0.0,0.0,720.008,8.0,304
304,176,109000.0,14.0,4000.0,1.0,1145.213,13.0,305
305,675,51463.0,39.0,65000.0,2.0,974.667,37.0,306
306,4,826000.0,57.0,0.0,0.0,8260.857,57.0,307
307,148,10000.0,2.0,19315.0,1.0,226.176,1.0,308
308,6,37000.0,4.0,10000.0,1.0,421.203,3.0,309
309,1268,26250.0,11.0,91700.0,16.0,974.6,-5.0,310
310,27,63250.0,11.0,97528.0,3.0,1125.548,8.0,311
311,19,8000.0,1.0,0.0,0.0,83.801,1.0,312
312,5,0.0,0.0,0.0,0.0,1.0,0.0,313
313,686,19000.0,7.0,16000.0,4.0,407.203,3.0,314
314,116,9500.0,11.0,5000.0,1.0,143.21,10.0,315
315,41,0.0,0.0,0.0,0.0,8.200000000000001,0.0,316
316,17,5937.0,13.0,2700.0,1.0,76.28200000000001,12.0,317
317,30,160395.0,15.0,0.0,0.0,1609.9650000000001,15.0,318
318,711,37500.0,9.0,18500.0,10.0,609.7,-1.0,319
319,11,2023.0,2.0,0.0,0.0,22.432,2.0,320
320,153,50000.0,5.0,0.0,0.0,530.605,5.0,321
321,3,3600.0,3.0,1000.0,1.0,41.602000000000004,2.0,322
322,38,14500.0,7.0,9150.0,1.0,198.356,6.0,323
323,26,1000.0,1.0,0.0,0.0,15.201,1.0,324
324,692,0.0,0.0,3800.0,1.0,157.4,-1.0,325
325,62,42000.0,7.0,0.0,0.0,432.407,7.0,326
326,160,38500.0,9.0,0.0,0.0,417.009,9.0,327
327,16,12425.0,28.0,3000.0,2.0,142.476,26.0,328
328,2,2800.0,1.0,0.0,0.0,28.401,1.0,329
329,267,32000.0,13.0,0.0,0.0,373.413,13.0,330
330,423,43000.0,22.0,19127.0,5.0,610.2520000000001,17.0,331
331,24,6000.0,2.0,0.0,0.0,64.802,2.0,332
332,85,10000.0,1.0,0.0,0.0,117.001,1.0,333
333,29,2000.0,4.0,4450.0,1.0,48.053,3.0,334
334,103,54470.0,16.0,0.0,0.0,565.316,16.0,335
335,357,27000.0,6.0,50000.0,3.0,591.403,3.0,336
336,109,237400.0,21.0,175358.0,5.0,3272.606,16.0,337
337,240,11500.0,8.0,14604.0,3.0,236.02499999999998,5.0,338
338,320,68839.0,57.0,20000.0,2.0,852.4449999999999,55.0,339
339,248,0.0,0.0,0.0,0.0,49.6,0.0,340
340,51,217000.0,34.0,0.0,0.0,2180.234,34.0,341
341,137,226500.0,47.0,5500.0,1.0,2319.946,46.0,342
342,868,121335.0,71.0,55300.0,7.0,1663.5140000000001,64.0,343
343,39,59000.0,8.0,0.0,0.0,597.808,8.0,344
344,3,311900.0,18.0,1024000.0,10.0,8239.608,8.0,345
345,14,1000.0,1.0,0.0,0.0,12.801,1.0,346
346,22,8000.0,4.0,0.0,0.0,84.40400000000001,4.0,347
347,25,45002.0,8.0,0.0,0.0,455.02799999999996,8.0,348
348,129,27000.0,8.0,10000.0,1.0,345.807,7.0,349
349,21,1500.0,2.0,0.0,0.0,19.202,2.0,350
350,11,5000.0,1.0,0.0,0.0,52.201,1.0,351
351,30,13040.0,36.0,31046.0,7.0,291.659,29.0,352
352,313,1083034.0,128.0,429518.0,8.0,13040.650000000001,120.0,353
353,21,142000.0,12.0,35000.0,6.0,1599.2060000000001,6.0,354
354,188,108824.0,15.0,40000.0,1.0,1325.8539999999998,14.0,355
355,317,20000.0,2.0,43060.0,3.0,478.70000000000005,-1.0,356
356,104,91236.0,48.0,0.0,0.0,933.208,48.0,357
357,190,113896.0,15.0,70086.0,6.0,1527.3990000000001,9.0,358
358,13,2000.0,1.0,0.0,0.0,22.601000000000003,1.0,359
359,12,1500.0,5.0,0.0,0.0,17.405,5.0,360
360,14,10000.0,2.0,0.0,0.0,102.80199999999999,2.0,361
361,2,32300.0,5.0,0.0,0.0,323.405,5.0,362
362,1,2000.0,1.0,0.0,0.0,20.201,1.0,363
363,48,0.0,0.0,0.0,0.0,9.600000000000001,0.0,364
364,46,5500.0,4.0,0.0,0.0,64.204,4.0,365
365,3667,311000.0,10.0,1802335.0,33.0,12855.075,-23.0,366
366,110,558053.0,99.0,0.0,0.0,5602.629,99.0,367
367,74,25500.0,34.0,0.0,0.0,269.834,34.0,368
368,6,21480.0,12.0,0.0,0.0,216.012,12.0,369
369,37,650000.0,13.0,1586208.0,9.0,14438.444000000001,4.0,370
370,27,103000.0,12.0,82953.0,5.0,1450.172,7.0,371
371,221,81050.0,17.0,9900.0,1.0,904.216,16.0,372
372,1310,320909.0,37.0,85500.0,6.0,3898.621,31.0,373
373,199,157000.0,20.0,151100.0,10.0,2365.3100000000004,10.0,374
374,192,0.0,0.0,0.0,0.0,38.400000000000006,0.0,375
375,927,5000.0,1.0,10000.0,1.0,285.4,0.0,376
376,9,30000.0,3.0,0.0,0.0,301.803,3.0,377
377,2187,90000.0,7.0,170498.0,16.0,2189.89,-9.0,378
378,39,40450.0,30.0,10000.0,3.0,462.327,27.0,379
379,125,29448.0,75.0,0.0,0.0,319.555,75.0,380
380,453,108147.0,94.0,86000.0,16.0,1602.148,78.0,381
381,14,38000.0,11.0,2000.0,1.0,392.81,10.0,382
382,90,11550.0,5.0,0.0,0.0,133.505,5.0,383
383,331,38600.0,22.0,32269.0,4.0,613.5630000000001,18.0,384
384,1,17000.0,3.0,3500.0,1.0,187.702,2.0,385
385,34,5000.0,1.0,0.0,0.0,56.801,1.0,386
386,10,330000.0,5.0,0.0,0.0,3302.005,5.0,387
387,14,250.0,1.0,0.0,0.0,5.301,1.0,388
388,2,0.0,0.0,0.0,0.0,0.4,0.0,389
389,104,48000.0,12.0,51981.0,2.0,760.7149999999999,10.0,390
390,21,194315.0,71.0,137000.0,10.0,2632.411,61.0,391
391,1219,0.0,0.0,0.0,0.0,243.8,0.0,392
392,52,5000.0,2.0,0.0,0.0,60.402,2.0,393
393,9,9300.0,38.0,7000.0,2.0,129.836,36.0,394
394,55,28695.0,17.0,0.0,0.0,297.967,17.0,395
395,8,15800.0,5.0,0.0,0.0,159.605,5.0,396
396,29,2219.0,5.0,3955.0,1.0,47.769000000000005,4.0,397
397,54,37800.0,16.0,2500.0,2.0,401.314,14.0,398
398,133,5000.0,1.0,0.0,0.0,76.601,1.0,399
399,516,31000.0,10.0,0.0,0.0,413.21,10.0,400
400,43,120100.0,23.0,106000.0,2.0,1739.6209999999999,21.0,401
401,969,25000.0,1.0,23000.0,2.0,558.8,-1.0,402
402,59,31900.0,7.0,32280.0,2.0,492.205,5.0,403
403,67,20000.0,6.0,25000.0,2.0,338.404,4.0,404
404,5,21000.0,6.0,0.0,0.0,211.006,6.0,405
405,83,4000.0,1.0,16229.0,1.0,137.745,0.0,406
406,8,2200.0,4.0,0.0,0.0,23.604000000000003,4.0,407
407,2535,259200.0,43.0,218600.0,28.0,4192.014999999999,15.0,408
408,1,128781.0,39.0,44000.0,2.0,1508.047,37.0,409
409,17,108500.0,23.0,17709.0,2.0,1176.9660000000001,21.0,410
410,48,1000.0,1.0,0.0,0.0,19.601,1.0,411
411,195,70500.0,3.0,290000.0,1.0,2194.002,2.0,412
412,340,84300.0,21.0,68500.0,29.0,1253.5,-8.0,413
413,9,2000.0,2.0,1500.0,1.0,29.301000000000002,1.0,414
414,10,210000.0,8.0,0.0,0.0,2102.008,8.0,415
415,26,350000.0,6.0,1759843.0,6.0,12304.415,0.0,416
416,32,11000.0,6.0,0.0,0.0,116.406,6.0,417
417,411,575000.0,15.0,56100.0,8.0,6112.706999999999,7.0,418
418,1641,20000.0,2.0,40000.0,2.0,728.2,0.0,419
419,153,0.0,0.0,45000.0,2.0,255.6,-2.0,420
420,163,16300.0,29.0,9058.0,5.0,240.914,24.0,421
421,1557,878600.0,99.0,1269809.0,84.0,15446.46,15.0,422
422,1,65250.0,12.0,230800.0,16.0,1806.7,-4.0,423
423,9,7850.0,8.0,0.0,0.0,80.30799999999999,8.0,424
424,762,115392.0,57.0,0.0,0.0,1306.3770000000002,57.0,425
425,41,10000.0,2.0,0.0,0.0,108.202,2.0,426
426,145,229500.0,57.0,0.0,0.0,2324.057,57.0,427
427,9,72000.0,6.0,0.0,0.0,721.8059999999999,6.0,428
428,1,15100.0,16.0,5400.0,2.0,178.214,14.0,429
429,49,19390.0,31.0,0.0,0.0,203.73100000000002,31.0,430
430,32,15500.0,8.0,30000.0,3.0,311.405,5.0,431
431,177,16970.0,25.0,0.0,0.0,205.12500000000003,25.0,432
432,29,4000.0,6.0,0.0,0.0,45.806,6.0,433
433,14,21700.0,4.0,150000.0,3.0,969.8009999999999,1.0,434
434,22,11500.0,4.0,0.0,0.0,119.40400000000001,4.0,435
435,1,0.0,0.0,13800.0,10.0,69.2,-10.0,436
436,1851,89200.0,35.0,0.0,0.0,1262.2350000000001,35.0,437
437,80,55000.0,2.0,47147.0,1.0,801.736,1.0,438
438,1,400000.0,2.0,594851.0,1.0,6974.456,1.0,439
439,336,227114.0,21.0,161957.0,4.0,3148.1419999999994,17.0,440
440,55,10140.0,6.0,30600.0,9.0,265.4,-3.0,441
441,35,23000.0,4.0,106000.0,7.0,767.0,-3.0,442
442,1145,40000.0,2.0,46308.0,2.0,860.54,0.0,443
443,213,13000.0,13.0,0.0,0.0,172.613,13.0,444
444,18,3000.0,2.0,0.0,0.0,33.602,2.0,445
445,135,61400.0,30.0,17754.0,3.0,729.797,27.0,446
446,61,242000.0,22.0,98308.0,4.0,2923.758,18.0,447
447,29,0.0,0.0,0.0,0.0,5.800000000000001,0.0,448
448,1051,109842.0,27.0,407599.0,27.0,3346.615,0.0,449
449,6300,198730.0,13.0,106153.0,4.0,3778.074,9.0,450
450,428,82885.0,92.0,36000.0,1.0,1094.541,91.0,451
451,269,20000.0,4.0,0.0,0.0,253.804,4.0,452
452,556,59000.0,28.0,0.0,0.0,701.2280000000001,28.0,453
453,13,4010.0,3.0,5448.0,1.0,69.942,2.0,454
454,18,16300.0,6.0,10000.0,1.0,216.605,5.0,455
455,374,387500.0,43.0,0.0,0.0,3949.8430000000003,43.0,456
456,5425,111000.0,4.0,65000.0,1.0,2520.0029999999997,3.0,457
457,8,2000.0,1.0,2153.0,1.0,32.365,0.0,458
458,2190,61000.0,69.0,0.0,0.0,1048.069,69.0,459
459,6,5000.0,1.0,5574.0,1.0,79.07000000000001,0.0,460
460,693,0.0,0.0,205000.0,2.0,1163.6,-2.0,461
461,4,55657.0,31.0,32800.0,5.0,721.396,26.0,462
462,8,4000.0,3.0,0.0,0.0,41.603,3.0,463
463,3,3000.0,3.0,1000.0,1.0,35.602000000000004,2.0,464
464,439,221000.0,10.0,648613.0,8.0,5540.867000000001,2.0,465
465,8,4500.0,5.0,0.0,0.0,46.605000000000004,5.0,466
466,6,31850.0,14.0,0.0,0.0,319.714,14.0,467
467,132,424300.0,28.0,68000.0,2.0,4609.4259999999995,26.0,468
468,66,125000.0,2.0,74500.0,7.0,1635.7,-5.0,469
469,54,10000.0,2.0,0.0,0.0,110.80199999999999,2.0,470
470,3,7100.0,2.0,3541.0,1.0,89.306,1.0,471
471,133,85000.0,3.0,476616.0,19.0,3259.68,-16.0,472
472,5,8500.0,5.0,700.0,2.0,89.503,3.0,473
473,325,139990.0,53.0,120330.0,9.0,2066.594,44.0,474
474,139,128089.0,15.0,281000.0,21.0,2713.6900000000005,-6.0,475
475,2,13000.0,3.0,0.0,0.0,130.403,3.0,476
476,36,135450.0,16.0,35000.0,1.0,1536.7150000000001,15.0,477
477,327,83400.0,12.0,41900.0,4.0,1108.9080000000001,8.0,478
478,9,2700.0,5.0,2892.0,2.0,43.263,3.0,479
479,148,25500.0,5.0,0.0,0.0,284.605,5.0,480
480,8,4000.0,2.0,8217.0,2.0,82.685,0.0,481
481,168,1000.0,1.0,0.0,0.0,43.601,1.0,482
482,81,6500.0,4.0,0.0,0.0,81.20400000000001,4.0,483
483,5,8750.0,5.0,15850.0,4.0,167.751,1.0,484
484,16,34310.0,17.0,0.0,0.0,346.317,17.0,485
485,75,60000.0,5.0,10000.0,1.0,665.004,4.0,486
486,14,9000.0,6.0,0.0,0.0,92.806,6.0,487
487,892,100000.0,11.0,105000.0,4.0,1703.4070000000002,7.0,488
488,477,236790.0,47.0,51900.0,2.0,2722.8450000000003,45.0,489
489,30,20000.0,4.0,0.0,0.0,206.004,4.0,490
490,20,0.0,0.0,0.0,0.0,4.0,0.0,491
491,5,10500.0,4.0,0.0,0.0,106.004,4.0,492
492,420,45500.0,19.0,0.0,0.0,539.019,19.0,493
493,5,124000.0,8.0,92600.0,2.0,1704.006,6.0,494
494,314,5000.0,1.0,0.0,0.0,112.801,1.0,495
495,5,93000.0,4.0,0.0,0.0,931.004,4.0,496
496,1034,272200.0,36.0,9999.0,2.0,2978.829,34.0,497
497,355,70918.0,45.0,153684.0,12.0,1548.633,33.0,498
498,10,10220.0,15.0,0.0,0.0,104.215,15.0,499
499,8,3800.0,5.0,500.0,1.0,42.104,4.0,500
500,6,6120.0,27.0,3000.0,1.0,77.426,26.0,501
501,14,17420.0,20.0,0.0,0.0,177.02000000000004,20.0,502
502,4494,184600.0,111.0,266236.0,33.0,4076.0580000000004,78.0,503
503,197,8288.0,7.0,0.0,0.0,122.287,7.0,504
504,43,0.0,0.0,168000.0,1.0,848.6,-1.0,505
505,2308,394000.0,60.0,5123.0,2.0,4427.273,58.0,506
506,72,1000.0,1.0,6000.0,1.0,54.4,0.0,507
507,2,0.0,0.0,0.0,0.0,0.4,0.0,508
508,206,355554.0,35.0,377000.0,17.0,5481.758,18.0,509
509,227,0.0,0.0,88214.0,14.0,486.47,-14.0,510
510,93,96750.0,20.0,0.0,0.0,986.12,20.0,511
511,11,1523.0,1.0,0.0,0.0,17.431,1.0,512
512,16,1000.0,1.0,0.0,0.0,13.201,1.0,513
513,13,41467.0,33.0,0.0,0.0,417.30300000000005,33.0,514
514,72,103500.0,61.0,7000.0,1.0,1084.46,60.0,515
515,413,580000.0,14.0,400000.0,6.0,7882.608,8.0,516
516,14,39800.0,16.0,16000.0,3.0,480.813,13.0,517
517,830,105600.0,12.0,100544.0,10.0,1724.722,2.0,518
518,156,24750.0,48.0,102978.0,44.0,793.594,4.0,519
519,1980,112152.0,57.0,0.0,0.0,1517.577,57.0,520
520,26,61000.0,5.0,0.0,0.0,615.205,5.0,521
521,47,10000.0,1.0,22500.0,3.0,221.9,-2.0,522
522,183,10000.0,2.0,0.0,0.0,136.602,2.0,523
523,51,57000.0,11.0,73649.0,4.0,948.452,7.0,524
524,407,0.0,0.0,0.0,0.0,81.4,0.0,525
525,520,35664.0,47.0,0.0,0.0,460.687,47.0,526
526,65,325461.0,50.0,0.0,0.0,3267.6600000000003,50.0,527
527,36,15000.0,1.0,0.0,0.0,157.201,1.0,528
528,24,5000.0,1.0,0.0,0.0,54.801,1.0,529
529,2,32000.0,6.0,0.0,0.0,320.40599999999995,6.0,530
530,14,28600.0,18.0,39500.0,3.0,486.315,15.0,531
531,68,0.0,0.0,0.0,0.0,13.600000000000001,0.0,532
532,92,22261.0,27.0,49998.0,8.0,491.019,19.0,533
533,54,20900.0,5.0,0.0,0.0,219.805,5.0,534
534,24,27250.0,10.0,0.0,0.0,277.31,10.0,535
535,517,83124.0,24.0,0.0,0.0,934.664,24.0,536
536,36,1740.0,19.0,48740.0,14.0,268.305,5.0,537
537,13,60000.0,5.0,40000.0,1.0,802.604,4.0,538
538,29,1025000.0,27.0,8558.0,1.0,10298.616,26.0,539
539,13,147678.0,55.0,107000.0,1.0,2014.434,54.0,540
540,2247,255000.0,4.0,383569.0,6.0,4917.245,-2.0,541
541,45,159378.0,17.0,30700.0,8.0,1756.289,9.0,542
542,345,107000.0,5.0,230705.0,7.0,2292.525,-2.0,543
543,1,2000.0,1.0,0.0,0.0,20.201,1.0,544
544,374,2750.0,23.0,0.0,0.0,102.323,23.0,545
545,33,0.0,0.0,0.0,0.0,6.6000000000000005,0.0,546
546,1,50000.0,2.0,0.0,0.0,500.202,2.0,547
547,1248,493200.0,41.0,245863.0,14.0,6410.942000000001,27.0,548
548,31,191020.0,143.0,10250.0,14.0,1967.779,129.0,549
549,32,12500.0,2.0,13213.0,1.0,197.466,1.0,550
550,264,10000.0,1.0,22500.0,3.0,265.3,-2.0,551
551,17,5000.0,1.0,0.0,0.0,53.400999999999996,1.0,552
552,22,500.0,1.0,0.0,0.0,9.401,1.0,553
553,17,26500.0,28.0,71500.0,9.0,625.919,19.0,554
554,62,18875.0,8.0,24852.0,4.0,325.414,4.0,555
555,429,15000.0,3.0,11000.0,1.0,290.802,2.0,556
556,32,2000.0,1.0,0.0,0.0,26.401000000000003,1.0,557
557,938,240000.0,60.0,10000.0,1.0,2637.659,59.0,558
558,49,9200.0,12.0,14252.0,8.0,173.064,4.0,559
559,958,150000.0,4.0,238990.0,12.0,2886.5499999999997,-8.0,560
560,6,117430.0,61.0,15594.0,2.0,1253.529,59.0,561
561,30,9100.0,12.0,0.0,0.0,97.012,12.0,562
562,121,23200.0,10.0,10000.0,1.0,306.209,9.0,563
563,21,15900.0,31.0,0.0,0.0,163.231,31.0,564
564,647,21000.0,2.0,19843.0,3.0,438.615,-1.0,565
565,1312,159510.0,70.0,317936.0,34.0,3447.2160000000003,36.0,566
566,183,1819175.0,53.0,185071.0,3.0,19153.754999999997,50.0,567
567,257,27750.0,22.0,36543.0,5.0,511.63200000000006,17.0,568
568,20,8550.0,6.0,0.0,0.0,89.506,6.0,569
569,38,1227780.0,23.0,0.0,0.0,12285.423,23.0,570
570,36,13739.0,12.0,19000.0,1.0,239.601,11.0,571
571,274,29620.0,15.0,36263.0,5.0,532.3249999999999,10.0,572
572,6,2415.0,8.0,2700.0,1.0,38.857000000000006,7.0,573
573,64,31000.0,20.0,0.0,0.0,322.82,20.0,574
574,211,36150.0,17.0,54200.0,4.0,674.7130000000001,13.0,575
575,51,7500.0,3.0,0.0,0.0,85.203,3.0,576
576,137,13000.0,13.0,0.0,0.0,157.413,13.0,577
577,269,120703.0,11.0,19895.0,1.0,1360.3149999999998,10.0,578
578,18,4365.0,13.0,0.0,0.0,47.263,13.0,579
579,28,0.0,0.0,0.0,0.0,5.6000000000000005,0.0,580
580,324,20000.0,2.0,24017.0,4.0,384.88500000000005,-2.0,581
581,1580,190000.0,7.0,101174.0,3.0,2721.874,4.0,582
582,3820,0.0,0.0,0.0,0.0,764.0,0.0,583
583,11,82485.0,11.0,37715.0,4.0,1015.6320000000001,7.0,584
584,69,8000.0,1.0,0.0,0.0,93.801,1.0,585
585,199,0.0,0.0,0.0,0.0,39.800000000000004,0.0,586
586,80,90500.0,38.0,27000.0,3.0,1056.035,35.0,587
587,734,671700.0,89.0,1355000.0,8.0,13638.881,81.0,588
588,71,70400.0,21.0,15000.0,1.0,793.22,20.0,589
589,6,0.0,0.0,0.0,0.0,1.2000000000000002,0.0,590
590,12,0.0,0.0,0.0,0.0,2.4000000000000004,0.0,591
591,69,0.0,0.0,0.0,0.0,13.8,0.0,592
592,5,10500.0,15.0,3808.0,2.0,125.053,13.0,593
593,1,2000.0,1.0,0.0,0.0,20.201,1.0,594
594,2,2000.0,1.0,2950.0,1.0,35.15,0.0,595
595,8,0.0,0.0,0.0,0.0,1.6,0.0,596
596,13,6000.0,2.0,0.0,0.0,62.602000000000004,2.0,597
597,363,68000.0,34.0,25221.0,7.0,878.7320000000001,27.0,598
598,164,22000.0,8.0,26700.0,3.0,386.305,5.0,599
599,9,496800.0,110.0,175688.0,13.0,5848.337,97.0,600
600,78,54750.0,24.0,0.0,0.0,563.124,24.0,601
601,33,692144.0,23.0,240000.0,1.0,8128.062000000001,22.0,602
602,3676,181000.0,10.0,232754.0,9.0,3708.9710000000005,1.0,603
603,9,7500.0,5.0,0.0,0.0,76.80499999999999,5.0,604
604,1468,195400.0,80.0,14000.0,3.0,2317.677,77.0,605
605,156,70050.0,49.0,0.0,0.0,731.749,49.0,606
606,368,0.0,0.0,0.0,0.0,73.60000000000001,0.0,607
607,428,39390.0,25.0,0.0,0.0,479.52500000000003,25.0,608
608,187,225000.0,35.0,0.0,0.0,2287.435,35.0,609
609,53,5000.0,1.0,0.0,0.0,60.601,1.0,610
610,7,6000.0,2.0,0.0,0.0,61.402,2.0,611
611,728,0.0,0.0,4400.0,1.0,167.6,-1.0,612
612,1543,554800.0,53.0,109081.0,8.0,6402.05,45.0,613
613,31,69105.0,78.0,6735.0,1.0,731.0020000000001,77.0,614
614,21,110585.0,87.0,3000.0,1.0,1125.1360000000002,86.0,615
615,17,5000.0,6.0,5754.0,6.0,82.17,0.0,616
616,49,7000.0,1.0,7000.0,1.0,114.8,0.0,617
617,3,500.0,1.0,0.0,0.0,5.601000000000001,1.0,618
618,7084,280721.0,143.0,58500.0,5.0,4516.648,138.0,619
619,2,697000.0,13.0,0.0,0.0,6970.413,13.0,620
620,381,15000.0,3.0,6000.0,1.0,256.202,2.0,621
621,66,5000.0,5.0,0.0,0.0,63.205000000000005,5.0,622
622,56,10200.0,20.0,0.0,0.0,113.22,20.0,623
623,7,7000.0,7.0,0.0,0.0,71.40700000000001,7.0,624
624,42,70000.0,2.0,0.0,0.0,708.4019999999999,2.0,625
625,23,204900.0,23.0,468522.0,28.0,4396.210000000001,-5.0,626
626,39,3000.0,2.0,0.0,0.0,37.802,2.0,627
627,160,12000.0,3.0,19671.0,3.0,250.35500000000002,0.0,628
628,788,165953.0,42.0,49290.0,7.0,2063.6150000000002,35.0,629
629,9,2000.0,1.0,0.0,0.0,21.801000000000002,1.0,630
630,31,7000.0,7.0,0.0,0.0,76.20700000000001,7.0,631
631,3,18847.0,4.0,0.0,0.0,189.07399999999998,4.0,632
632,244,60400.0,54.0,0.0,0.0,652.8539999999999,54.0,633
633,425,98200.0,51.0,143098.0,12.0,1782.529,39.0,634
634,24,515000.0,8.0,15737705.0,67.0,83843.32500000001,-59.0,635
635,299,18246.0,14.0,0.0,0.0,242.27400000000003,14.0,636
636,805,231000.0,10.0,0.0,0.0,2471.01,10.0,637
637,5,174480.0,109.0,190200.0,19.0,2696.8900000000003,90.0,638
638,1,4800.0,12.0,0.0,0.0,48.212,12.0,639
639,28,54000.0,16.0,100000.0,1.0,1045.615,15.0,640
640,315,8850.0,5.0,0.0,0.0,151.505,5.0,641
641,597,44950.0,32.0,0.0,0.0,568.932,32.0,642
642,31,10000.0,2.0,0.0,0.0,106.202,2.0,643
643,2,0.0,0.0,0.0,0.0,0.4,0.0,644
644,343,116651.0,120.0,0.0,0.0,1235.2299999999998,120.0,645
645,286,23000.0,5.0,0.0,0.0,287.205,5.0,646
646,659,55000.0,4.0,41984.0,2.0,891.722,2.0,647
647,47,44737.0,24.0,0.0,0.0,456.794,24.0,648
648,3,17441.0,15.0,53399.0,7.0,442.013,8.0,649
649,522,35000.0,7.0,7340.0,6.0,491.101,1.0,650
650,3,12500.0,2.0,36714.0,1.0,309.171,1.0,651
651,715,355000.0,23.0,0.0,0.0,3693.023,23.0,652
652,68,91800.0,11.0,0.0,0.0,931.611,11.0,653
653,692,190000.0,13.0,287167.0,12.0,3474.2360000000003,1.0,654
654,998,96166.0,67.0,52260.0,12.0,1422.6150000000002,55.0,655
655,3,14850.0,7.0,3100.0,1.0,164.606,6.0,656
656,18,8000.0,8.0,0.0,0.0,83.60799999999999,8.0,657
657,274,46000.0,3.0,22824.0,6.0,628.92,-3.0,658
658,841,142065.0,40.0,0.0,0.0,1588.89,40.0,659
659,1159,38000.0,6.0,41800.0,6.0,820.8,0.0,660
660,2,4610.0,9.0,4200.0,4.0,67.505,5.0,661
661,1,4000.0,4.0,0.0,0.0,40.204,4.0,662
662,44,12000.0,6.0,12948.0,3.0,193.543,3.0,663
663,6401,425000.0,52.0,290200.0,35.0,6981.217,17.0,664
664,40,5055.0,2.0,40700.0,7.0,262.05,-5.0,665
665,21,32000.0,6.0,0.0,0.0,324.20599999999996,6.0,666
666,96,28500.0,4.0,19500.0,6.0,401.7,-2.0,667
667,299,464067.0,56.0,47308.0,10.0,4937.0560000000005,46.0,668
668,1152,91037.0,25.0,165000.0,4.0,1965.791,21.0,669
669,99,1000.0,2.0,0.0,0.0,29.802,2.0,670
670,92,16500.0,8.0,9000.0,2.0,228.406,6.0,671
671,653,0.0,0.0,0.0,0.0,130.6,0.0,672
672,10,2158700.0,35.0,233750.0,5.0,22757.78,30.0,673
673,372,231281.0,42.0,300.0,1.0,2388.751,41.0,674
674,75,5000.0,1.0,0.0,0.0,65.001,1.0,675
675,639,662500.0,50.0,70000.0,1.0,7102.849,49.0,676
676,286,21100.0,16.0,9000.0,1.0,313.215,15.0,677
677,674,123181.0,35.0,36000.0,4.0,1546.6409999999998,31.0,678
678,12,379000.0,22.0,1100000.0,1.0,9292.421,21.0,679
679,453,12000.0,4.0,11000.0,1.0,265.603,3.0,680
680,2,5600.0,7.0,0.0,0.0,56.407,7.0,681
681,8,689000.0,65.0,132000.0,1.0,7551.664000000001,64.0,682
682,25,22000.0,11.0,121000.0,1.0,830.01,10.0,683
683,2,76200.0,7.0,0.0,0.0,762.4069999999999,7.0,684
684,9,12200.0,28.0,1000.0,1.0,128.827,27.0,685
685,9,26000.0,8.0,0.0,0.0,261.808,8.0,686
686,17,5500.0,5.0,0.0,0.0,58.405,5.0,687
687,1675,581027.0,43.0,0.0,0.0,6145.313,43.0,688
688,159,0.0,0.0,1049278.0,16.0,5278.1900000000005,-16.0,689
689,108,15257.0,16.0,3200.0,3.0,190.183,13.0,690
690,1,129050.0,39.0,9500.0,1.0,1338.238,38.0,691
691,11,6890.0,7.0,25870.0,10.0,200.45,-3.0,692
692,2,2500.0,5.0,0.0,0.0,25.404999999999998,5.0,693
693,1184,30000.0,5.0,62527.0,2.0,849.4380000000001,3.0,694
694,133,74585.0,30.0,11981.0,1.0,832.384,29.0,695
695,197,57624.0,73.0,0.0,0.0,615.713,73.0,696
696,7,7000.0,3.0,0.0,0.0,71.403,3.0,697
697,9,0.0,0.0,0.0,0.0,1.8,0.0,698
698,24,3500.0,4.0,0.0,0.0,39.804,4.0,699
699,1680,96000.0,27.0,72110.0,10.0,1656.567,17.0,700
700,23,50700.0,9.0,0.0,0.0,511.60900000000004,9.0,701
701,46,5100.0,2.0,0.0,0.0,60.202000000000005,2.0,702
702,4,1000.0,1.0,0.0,0.0,10.801,1.0,703
703,1,9000.0,3.0,0.0,0.0,90.203,3.0,704
704,32,7474.0,1.0,0.0,0.0,81.141,1.0,705
705,10,35000.0,5.0,0.0,0.0,352.005,5.0,706
706,56,0.0,0.0,0.0,0.0,11.200000000000001,0.0,707
707,5,129967.0,11.0,242000.0,3.0,2510.678,8.0,708
708,34,347070.0,54.0,0.0,0.0,3477.5540000000005,54.0,709
709,287,56900.0,6.0,18179.0,1.0,717.3,5.0,710
710,3032,85000.0,3.0,72500.0,2.0,1818.9009999999998,1.0,711
711,13,15000.0,3.0,0.0,0.0,152.60299999999998,3.0,712
712,22,1000.0,1.0,0.0,0.0,14.401,1.0,713
713,301,35000.0,3.0,44000.0,4.0,630.2,-1.0,714
714,6,1676300.0,34.0,0.0,0.0,16764.234,34.0,715
715,2,2000.0,1.0,3000.0,1.0,35.4,0.0,716
716,50,4433.0,12.0,7000.0,2.0,89.34,10.0,717
717,341,117400.0,52.0,42000.0,2.0,1452.25,50.0,718
718,16,16000.0,10.0,0.0,0.0,163.20999999999998,10.0,719
719,97,19830.0,19.0,0.0,0.0,217.71900000000002,19.0,720
720,4,1950.0,20.0,1300.0,3.0,26.817,17.0,721
721,837,27300.0,4.0,18000.0,2.0,530.402,2.0,722
722,3340,116700.0,14.0,0.0,0.0,1835.014,14.0,723
723,1,12600.0,10.0,12750.0,3.0,189.957,7.0,724
724,174,29000.0,33.0,0.0,0.0,324.833,33.0,725
725,37,0.0,0.0,20000.0,1.0,107.4,-1.0,726
726,20,3500.0,10.0,6000.0,1.0,69.009,9.0,727
727,59,70000.0,4.0,0.0,0.0,711.804,4.0,728
728,3,5735.0,5.0,4600.0,3.0,80.95199999999998,2.0,729
729,10,3850.0,6.0,0.0,0.0,40.506,6.0,730
730,757,69350.0,9.0,0.0,0.0,844.909,9.0,731
731,78,82540.0,43.0,54000.0,5.0,1111.038,38.0,732
732,67,21700.0,13.0,0.0,0.0,230.413,13.0,733
733,12,61000.0,10.0,125.0,1.0,613.034,9.0,734
734,264,34700.0,9.0,0.0,0.0,399.809,9.0,735
735,98,190500.0,15.0,0.0,0.0,1924.615,15.0,736
736,3,1000.0,1.0,11260.0,2.0,66.9,-1.0,737
737,33,16650.0,15.0,0.0,0.0,173.11499999999998,15.0,738
738,4405,0.0,0.0,0.0,0.0,881.0,0.0,739
739,9,87000.0,8.0,101500.0,3.0,1379.305,5.0,740
740,2,1738490.0,91.0,365288.0,7.0,19211.824,84.0,741
741,19,1000.0,1.0,0.0,0.0,13.801,1.0,742
742,6,6435.0,4.0,32000.0,1.0,225.55299999999997,3.0,743
743,94,8500.0,3.0,0.0,0.0,103.803,3.0,744
744,579,90313.0,129.0,4179.0,1.0,1039.953,128.0,745
745,911,65100.0,44.0,124000.0,2.0,1453.242,42.0,746
746,141,20000.0,6.0,0.0,0.0,228.20600000000002,6.0,747
747,34,85500.0,11.0,0.0,0.0,861.8109999999999,11.0,748
748,2341,74500.0,13.0,75000.0,3.0,1588.21,10.0,749
749,35,52000.0,29.0,30000.0,2.0,677.027,27.0,750
750,589,44050.0,23.0,0.0,0.0,558.3230000000001,23.0,751
751,20,55635.0,11.0,25303.0,4.0,686.872,7.0,752
752,54,5000.0,1.0,10002.0,2.0,110.80999999999999,-1.0,753
753,1205,15000.0,2.0,32000.0,2.0,551.0,0.0,754
754,5702,207500.0,24.0,158059.0,22.0,4005.697,2.0,755
755,12,3000.0,3.0,0.0,0.0,32.403,3.0,756
756,3,10000.0,2.0,0.0,0.0,100.60199999999999,2.0,757
757,12,0.0,0.0,0.0,0.0,2.4000000000000004,0.0,758
758,433,20400.0,22.0,8000.0,2.0,330.62,20.0,759
759,199,40050.0,30.0,4000.0,1.0,460.329,29.0,760
760,2,46650.0,12.0,151214.0,10.0,1222.9720000000002,2.0,761
761,6,15000.0,1.0,0.0,0.0,151.201,1.0,762
762,81,22658.0,9.0,40682.0,4.0,446.195,5.0,763
763,621,52350.0,44.0,68779.0,15.0,991.624,29.0,764
764,27,262000.0,7.0,0.0,0.0,2625.407,7.0,765
765,24097,0.0,0.0,31000.0,3.0,4974.400000000001,-3.0,766
766,30,8248.0,14.0,15200.0,5.0,164.489,9.0,767
767,79,1000.0,1.0,12000.0,1.0,85.8,0.0,768
768,120,40000.0,1.0,0.0,0.0,424.001,1.0,769
769,104,8000.0,1.0,0.0,0.0,100.801,1.0,770
770,124,1000.0,1.0,0.0,0.0,34.801,1.0,771
771,6,0.0,0.0,0.0,0.0,1.2000000000000002,0.0,772
772,111,321250.0,12.0,9800.0,1.0,3283.711,11.0,773
773,2,2831.0,7.0,15344.0,3.0,105.43400000000001,4.0,774
774,1625,110000.0,2.0,331000.0,6.0,3080.0,-4.0,775
775,314,26000.0,3.0,10000.0,2.0,372.801,1.0,776
776,105,91567.0,82.0,9000.0,1.0,981.7510000000001,81.0,777
777,886,92450.0,58.0,16000.0,1.0,1181.757,57.0,778
778,2,5500.0,2.0,0.0,0.0,55.402,2.0,779
779,892,146787.0,79.0,47649.0,1.0,1884.5930000000003,78.0,780
780,2,1300.0,3.0,0.0,0.0,13.403,3.0,781
781,4,5000.0,3.0,0.0,0.0,50.803,3.0,782
782,8,0.0,0.0,0.0,0.0,1.6,0.0,783
783,709,28752.0,41.0,0.0,0.0,429.361,41.0,784
784,98,32000.0,19.0,27000.0,10.0,474.60900000000004,9.0,785
785,200,0.0,0.0,704000.0,4.0,3560.0,-4.0,786
786,7,661500.0,27.0,1096160.0,11.0,12097.215999999999,16.0,787
787,13,2500.0,1.0,0.0,0.0,27.601000000000003,1.0,788
788,43,129000.0,16.0,182313.0,7.0,2210.174,9.0,789
789,11,14000.0,7.0,0.0,0.0,142.207,7.0,790
790,238,203200.0,61.0,118100.0,22.0,2670.139,39.0,791
791,38,4000.0,4.0,0.0,0.0,47.604,4.0,792
792,15,14495.0,7.0,12511.0,2.0,210.51000000000002,5.0,793
793,51,0.0,0.0,0.0,0.0,10.200000000000001,0.0,794
794,399,77900.0,11.0,0.0,0.0,858.8109999999999,11.0,795
795,617,113150.0,105.0,252447.0,50.0,2517.19,55.0,796
796,90,33800.0,24.0,104500.0,13.0,878.511,11.0,797
797,415,25000.0,5.0,37500.0,8.0,520.5,-3.0,798
798,520,211500.0,45.0,0.0,0.0,2219.045,45.0,799
799,1,2000.0,1.0,0.0,0.0,20.201,1.0,800
800,68,0.0,0.0,0.0,0.0,13.600000000000001,0.0,801
801,3,22500.0,6.0,14500.0,2.0,298.10400000000004,4.0,802
802,894,80595.0,17.0,39000.0,1.0,1179.766,16.0,803
803,6,131000.0,21.0,0.0,0.0,1311.221,21.0,804
804,62,154475.0,23.0,16706.0,5.0,1640.698,18.0,805
805,1289,22200.0,5.0,39468.0,4.0,677.1410000000001,1.0,806
806,210,55700.0,16.0,0.0,0.0,599.016,16.0,807
807,20,11500.0,15.0,6500.0,2.0,151.513,13.0,808
808,9,2000.0,1.0,0.0,0.0,21.801000000000002,1.0,809
809,185,32000.0,5.0,14500.0,2.0,429.503,3.0,810
810,2,75000.0,3.0,0.0,0.0,750.403,3.0,811
811,175,21839.0,17.0,0.0,0.0,253.407,17.0,812
812,48,3500.0,6.0,2000.0,1.0,54.605000000000004,5.0,813
813,206,10698.0,11.0,0.0,0.0,148.191,11.0,814
814,34,5000.0,1.0,0.0,0.0,56.801,1.0,815
815,3,5000.0,1.0,17200.0,1.0,136.6,0.0,816
816,49,1000.0,1.0,19000.0,1.0,114.8,0.0,817
817,5,3228.0,11.0,15900.0,4.0,112.787,7.0,818
818,55,12500.0,7.0,0.0,0.0,136.007,7.0,819
819,499,20000.0,2.0,26000.0,4.0,429.8,-2.0,820
820,7,5000.0,3.0,0.0,0.0,51.403,3.0,821
821,11,87500.0,17.0,3000.0,1.0,892.216,16.0,822
822,130,34000.0,6.0,24463.0,3.0,488.318,3.0,823
823,7,16000.0,8.0,0.0,0.0,161.40800000000002,8.0,824
824,233,12500.0,5.0,29100.0,5.0,317.1,0.0,825
825,89,41550.0,18.0,14250.0,6.0,504.562,12.0,826
826,1434,201000.0,20.0,46627.0,4.0,2529.9510000000005,16.0,827
827,10,65000.0,2.0,227000.0,4.0,1787.0,-2.0,828
828,3149,140500.0,31.0,59495.0,7.0,2332.299,24.0,829
829,49,87500.0,27.0,376500.0,25.0,2767.302,2.0,830
830,61,117900.0,11.0,0.0,0.0,1191.211,11.0,831
831,344,61456.0,106.0,0.0,0.0,683.466,106.0,832
832,155,5900.0,3.0,8889.0,2.0,134.446,1.0,833
833,13,129864.0,6.0,0.0,0.0,1301.246,6.0,834
834,31,155645.0,24.0,0.0,0.0,1562.674,24.0,835
835,29,1000.0,1.0,0.0,0.0,15.801,1.0,836
836,2430,106000.0,20.0,493000.0,36.0,4011.0,-16.0,837
837,335,42443.0,141.0,8000.0,1.0,531.5699999999999,140.0,838
838,35,5000.0,1.0,0.0,0.0,57.001,1.0,839
839,3,2000.0,1.0,0.0,0.0,20.601000000000003,1.0,840
840,19,152500.0,22.0,18500.0,1.0,1621.321,21.0,841
841,91,14300.0,20.0,11200.0,4.0,217.21599999999998,16.0,842
842,1,900.0,7.0,0.0,0.0,9.206999999999999,7.0,843
843,729,10000.0,1.0,104500.0,9.0,768.3,-8.0,844
844,448,68500.0,127.0,0.0,0.0,774.727,127.0,845
845,1701,8000.0,2.0,358310.0,14.0,2211.75,-12.0,846
846,44,5000.0,1.0,0.0,0.0,58.801,1.0,847
847,11,800.0,3.0,0.0,0.0,10.203,3.0,848
848,1,53450.0,17.0,16120.0,1.0,615.316,16.0,849
849,796,38310.0,5.0,13799.0,2.0,611.298,3.0,850
850,8,374400.0,95.0,335440.0,25.0,5422.87,70.0,851
851,791,55800.0,45.0,29900.0,2.0,865.743,43.0,852
852,321,18000.0,3.0,442930.0,86.0,2458.85,-83.0,853
853,126,96995.0,16.0,0.0,0.0,995.166,16.0,854
854,1,433000.0,27.0,77971.0,11.0,4720.070999999999,16.0,855
855,152,5000.0,1.0,30000.0,6.0,230.4,-5.0,856
856,6035,405000.0,30.0,193500.0,11.0,6224.519,19.0,857
857,2,0.0,0.0,0.0,0.0,0.4,0.0,858
858,2,0.0,0.0,0.0,0.0,0.4,0.0,859
859,27,1000.0,1.0,0.0,0.0,15.401,1.0,860
860,58,42565.0,26.0,0.0,0.0,437.27600000000007,26.0,861
861,1254,2000.0,1.0,130000.0,2.0,920.8,-1.0,862
862,58,19000.0,7.0,0.0,0.0,201.607,7.0,863
863,60,142100.0,80.0,35000.0,1.0,1608.079,79.0,864
864,61,39700.0,13.0,0.0,0.0,409.21299999999997,13.0,865
865,94,15000.0,2.0,0.0,0.0,168.80200000000002,2.0,866
866,1037,139500.0,7.0,9842.0,1.0,1651.6160000000002,6.0,867
867,17,30000.0,3.0,0.0,0.0,303.40299999999996,3.0,868
868,6,1000.0,1.0,0.0,0.0,11.201,1.0,869
869,2298,279200.0,27.0,45000.0,1.0,3476.6259999999997,26.0,870
870,25,7005.0,7.0,0.0,0.0,75.057,7.0,871
871,1,523550.0,121.0,0.0,0.0,5235.821,121.0,872
872,27,10000.0,8.0,0.0,0.0,105.408,8.0,873
873,8,15000.0,17.0,4860.0,2.0,175.915,15.0,874
874,39,9000.0,4.0,0.0,0.0,97.804,4.0,875
875,144,36411.0,34.0,0.0,0.0,392.944,34.0,876
876,705,23200.0,12.0,0.0,0.0,373.012,12.0,877
877,278,20000.0,2.0,0.0,0.0,255.602,2.0,878
878,152,70000.0,13.0,29421.0,4.0,877.514,9.0,879
879,16,2000.0,1.0,0.0,0.0,23.201,1.0,880
880,181,130000.0,4.0,441000.0,7.0,3541.2,-3.0,881
881,88,12000.0,3.0,0.0,0.0,137.603,3.0,882
882,25,5000.0,1.0,0.0,0.0,55.001,1.0,883
883,26,0.0,0.0,0.0,0.0,5.2,0.0,884
884,109,55000.0,2.0,502191.0,14.0,3082.755,-12.0,885
885,166,4205.0,15.0,33570.0,5.0,243.11,10.0,886
886,118,0.0,0.0,0.0,0.0,23.6,0.0,887
887,4942,0.0,0.0,0.0,0.0,988.4000000000001,0.0,888
888,582,49481.0,24.0,120678.0,36.0,1214.6000000000001,-12.0,889
889,1060,32500.0,16.0,20900.0,4.0,641.512,12.0,890
890,88,440000.0,7.0,112096.0,4.0,4978.083,3.0,891
891,84,21000.0,5.0,0.0,0.0,226.805,5.0,892
892,5,0.0,0.0,0.0,0.0,1.0,0.0,893
893,9,16900.0,20.0,0.0,0.0,170.82000000000002,20.0,894
894,34,0.0,0.0,0.0,0.0,6.800000000000001,0.0,895
895,5,4000.0,2.0,3000.0,1.0,56.001,1.0,896
896,16,25000.0,3.0,0.0,0.0,253.20299999999997,3.0,897
897,72,263700.0,10.0,260000.0,1.0,3951.409,9.0,898
898,84,12000.0,6.0,25063.0,5.0,262.116,1.0,899
899,1,3450.0,6.0,0.0,0.0,34.706,6.0,900
900,35,15155.0,36.0,18500.0,3.0,251.083,33.0,901
901,194,369300.0,60.0,83000.0,1.0,4146.859,59.0,902
902,1049,20000.0,7.0,53500.0,7.0,677.3,0.0,903
903,9,2000.0,3.0,0.0,0.0,21.803,3.0,904
904,10,55000.0,2.0,0.0,0.0,552.002,2.0,905
905,5,1000.0,1.0,0.0,0.0,11.001,1.0,906
906,108,5000.0,1.0,0.0,0.0,71.601,1.0,907
907,57,13777.0,65.0,44658.0,23.0,372.50199999999995,42.0,908
908,112,18600.0,12.0,0.0,0.0,208.412,12.0,909
909,1,679745.0,125.0,454060.0,5.0,9068.070000000002,120.0,910
910,8,2000.0,1.0,0.0,0.0,21.601000000000003,1.0,911
911,527,247505.0,39.0,0.0,0.0,2580.4890000000005,39.0,912
912,1,250.0,5.0,8976.0,11.0,47.580000000000005,-6.0,913
913,73,180000.0,29.0,84840.0,3.0,2238.8259999999996,26.0,914
914,15,10700.0,5.0,0.0,0.0,110.005,5.0,915
915,8,780028.0,84.0,307609.0,7.0,9340.002,77.0,916
916,224,22000.0,11.0,6954.0,3.0,299.57800000000003,8.0,917
917,30,2000.0,1.0,0.0,0.0,26.001,1.0,918
918,1,1000.0,1.0,0.0,0.0,10.200999999999999,1.0,919
919,90,2000.0,1.0,0.0,0.0,38.001000000000005,1.0,920
920,932,367700.0,41.0,1734480.0,52.0,12535.8,-11.0,921
921,17,0.0,0.0,600000.0,2.0,3003.4,-2.0,922
922,2838,200000.0,4.0,353000.0,16.0,4332.6,-12.0,923
923,1039,94000.0,14.0,0.0,0.0,1147.814,14.0,924
924,13,100500.0,22.0,34184.0,2.0,1178.54,20.0,925
925,44,8600.0,10.0,0.0,0.0,94.81,10.0,926
926,3,8219.0,28.0,0.0,0.0,82.818,28.0,927
927,1033,337148.0,73.0,180774.0,22.0,4482.001000000001,51.0,928
928,84,10000.0,1.0,0.0,0.0,116.801,1.0,929
929,337,61000.0,15.0,9636.0,1.0,725.5939999999999,14.0,930
930,173,75000.0,3.0,111500.0,4.0,1342.1,-1.0,931
931,7,92572.0,51.0,43950.0,3.0,1146.9180000000001,48.0,932
932,892,37710.0,66.0,7231.0,1.0,591.72,65.0,933
933,355,11018.0,20.0,23500.0,2.0,298.698,18.0,934
934,123,9501.0,5.0,38600.0,34.0,312.61,-29.0,935
935,5,13000.0,9.0,0.0,0.0,131.009,9.0,936
936,161,151000.0,29.0,153112.0,16.0,2307.7729999999997,13.0,937
937,118,117000.0,16.0,25000.0,1.0,1318.615,15.0,938
938,58,2000.0,1.0,5500.0,1.0,59.1,0.0,939
939,30,32500.0,17.0,0.0,0.0,331.017,17.0,940
940,48,138000.0,3.0,170000.0,2.0,2239.601,1.0,941
941,287,192500.0,14.0,479303.0,14.0,4378.914999999999,0.0,942
942,14,2000.0,2.0,0.0,0.0,22.802,2.0,943
943,66,10500.0,3.0,7432.0,1.0,155.362,2.0,944
944,28,18600.0,50.0,18962.0,20.0,286.44,30.0,945
945,780,211994.0,29.0,92286.0,4.0,2737.395,25.0,946
946,1662,296990.0,43.0,424000.0,15.0,5422.3279999999995,28.0,947
947,1,123600.0,19.0,65000.0,4.0,1561.2150000000001,15.0,948
948,24,7750.0,9.0,0.0,0.0,82.309,9.0,949
949,1,409100.0,64.0,434171.0,7.0,6262.111999999999,57.0,950
950,4,732000.0,99.0,35500.0,4.0,7498.395,95.0,951
951,252,35000.0,3.0,0.0,0.0,400.403,3.0,952
952,195,29000.0,9.0,0.0,0.0,329.009,9.0,953
953,195,32000.0,4.0,0.0,0.0,359.004,4.0,954
954,28,5000.0,1.0,0.0,0.0,55.601,1.0,955
955,131,0.0,0.0,0.0,0.0,26.200000000000003,0.0,956
956,48,1200.0,1.0,0.0,0.0,21.601,1.0,957
957,60,4000.0,2.0,0.0,0.0,52.002,2.0,958
958,11,62830.0,14.0,0.0,0.0,630.5140000000001,14.0,959
959,13,484700.0,64.0,50400.0,1.0,5101.6630000000005,63.0,960
960,6,5000.0,1.0,0.0,0.0,51.201,1.0,961
961,87,60000.0,7.0,0.0,0.0,617.4069999999999,7.0,962
962,8,320609.0,20.0,136916.0,11.0,3892.279,9.0,963
963,339,104210.0,32.0,0.0,0.0,1109.9319999999998,32.0,964
964,18,25600.0,6.0,0.0,0.0,259.606,6.0,965
965,204,46000.0,4.0,14000.0,1.0,570.803,3.0,966
966,70,262400.0,9.0,0.0,0.0,2638.009,9.0,967
967,9,140000.0,6.0,148240.0,13.0,2143.0,-7.0,968
968,92,12250.0,12.0,8500.0,3.0,183.409,9.0,969
969,1,2000.0,1.0,0.0,0.0,20.201,1.0,970
970,30,1100.0,3.0,0.0,0.0,17.003,3.0,971
971,231,15000.0,3.0,42299.0,6.0,407.695,-3.0,972
972,18,68041.0,135.0,69501.0,29.0,1031.6209999999999,106.0,973
973,908,60500.0,41.0,25000.0,1.0,911.64,40.0,974
974,29,88000.0,19.0,0.0,0.0,885.819,19.0,975
975,161,10000.0,5.0,0.0,0.0,132.20499999999998,5.0,976
976,6,625000.0,15.0,0.0,0.0,6251.215,15.0,977
977,17,125620.0,19.0,0.0,0.0,1259.6190000000001,19.0,978
978,74,794358.0,69.0,288114.0,14.0,9399.005,55.0,979
979,617,35000.0,7.0,10000.0,1.0,523.406,6.0,980
980,63,33986.0,65.0,87900.0,36.0,791.989,29.0,981
981,22,5000.0,1.0,0.0,0.0,54.400999999999996,1.0,982
982,254,102238.0,71.0,0.0,0.0,1073.251,71.0,983
983,13,4000.0,2.0,0.0,0.0,42.602000000000004,2.0,984
984,44,36700.0,7.0,0.0,0.0,375.807,7.0,985
985,880,186500.0,71.0,155000.0,19.0,2816.052,52.0,986
986,175,0.0,0.0,0.0,0.0,35.0,0.0,987
987,2171,69900.0,30.0,135650.0,23.0,1811.457,7.0,988
988,14,0.0,0.0,0.0,0.0,2.8000000000000003,0.0,989
989,3471,240000.0,12.0,1339000.0,20.0,9789.2,-8.0,990
990,4514,0.0,0.0,0.0,0.0,902.8000000000001,0.0,991
991,31,76100.0,13.0,0.0,0.0,767.2130000000001,13.0,992
992,2483,804978.0,18.0,616278.0,11.0,11627.777,7.0,993
993,2,0.0,0.0,0.0,0.0,0.4,0.0,994
994,7,1400.0,1.0,0.0,0.0,15.401,1.0,995
995,18,34500.0,5.0,0.0,0.0,348.605,5.0,996
996,474,96400.0,31.0,0.0,0.0,1058.831,31.0,997
997,109,0.0,0.0,0.0,0.0,21.8,0.0,998
998,4,7400.0,5.0,0.0,0.0,74.80499999999999,5.0,999
999,174,9000.0,3.0,0.0,0.0,124.803,3.0,1000
